"type","projectKey","title","category","source","updatedAt","preview"
"approved-memory",,"Tool runner test","system","tool-runner-approved","2026-06-19 14:50:45","FREEOS can create pending memory proposals through approved tool requests."
"approved-memory",,"I built a free, fully local floating AI assistant for macOS. No API keys ...","research","research:5","2026-06-19 13:13:35","Apr 14, 2026 · I built an on-device AI agent for iPhone that actually takes action — browses the web, reads your health data, controls HomeKit, and runs custom ... Source: https://www.reddit.com/r/SideProject/comments/1s..."
"approved-memory","personal","Preferred assistant tone","general","manual","2026-06-19 12:12:32","Drew prefers direct, practical, brother-style guidance that moves fast, avoids unnecessary fluff, and turns ideas into build steps, prompts, systems, and execution plans."
"approved-memory","dfb-solutions","DFB Solutions purpose","project","manual","2026-06-19 12:11:37","FREEOS is being built on an AIO and external drive first, but will run stronger later on Drew’s Alienware laptop with RTX 3070. The project is designed to be Windows-friendly and external-drive friendly."
"approved-memory",,"Dangerous action approval rule","general","manual","2026-06-19 12:10:41","FREEOS must not delete files, send messages, make purchases, trade, deploy, or run risky commands without explicit user approval."
"approved-memory",,"FREEOS identity","general","manual","2026-06-19 12:09:56","FREEOS, pronounced “free-os,” is Drew Free’s local-first AI command system for creative work, business systems, research, memory, automation, code support, and future voice control."
"project-note","dfb-solutions","Command Center test note","project-note","command-center","2026-06-19 15:05:33","FREEOS Phase 6 can create safe project notes from the Command Center."
"rag-document",,"freeos-intro.md","rag","E:\FREEOS\data\documents\freeos-intro.md","2026-10-03 01:30:39",""
"rag-document",,"test.md","rag","E:\FREEOS\data\documents\test.md","2026-10-03 01:30:40",""
"rag-document",,"FREEOS Owner Profile — Drew Free.md","rag","E:\FREEOS\data\documents\FREEOS Owner Profile — Drew Free.md","2026-10-03 01:30:22",""
"rag-document",,"README.md","rag","E:\FREEOS\data\documents\skill-training\README.md","2026-10-03 01:30:39",""
"rag-document",,"drew-fit-correction-music-vs-tech.md","rag","E:\FREEOS\data\documents\skill-training\writing\drew-fit-correction-music-vs-tech.md","2026-10-03 01:30:39",""
"rag-document",,"legendary-style-influence-framework.md","rag","E:\FREEOS\data\documents\skill-training\writing\legendary-style-influence-framework.md","2026-10-03 01:30:39",""
"rag-document",,"writing-standards.md","rag","E:\FREEOS\data\documents\skill-training\writing\writing-standards.md","2026-10-03 01:30:40",""
"rag-document",,"README.md","rag","E:\FREEOS\data\projects\business-ideas\README.md","2026-10-03 01:31:12",""
"rag-document",,"README.md","rag","E:\FREEOS\data\projects\dfb-solutions\README.md","2026-10-03 01:31:12",""
"rag-document",,"README.md","rag","E:\FREEOS\data\projects\dfb-sounds\README.md","2026-10-03 01:31:12",""
"rag-document",,"README.md","rag","E:\FREEOS\data\projects\divine-decor\README.md","2026-10-03 01:31:12",""
"rag-document",,"README.md","rag","E:\FREEOS\data\projects\personal\README.md","2026-10-03 01:31:12",""
"rag-document",,"README.md","rag","E:\FREEOS\data\projects\reemteam\README.md","2026-10-03 01:31:12",""
"rag-document",,"README.md","rag","E:\FREEOS\data\projects\signalflow\README.md","2026-10-03 01:31:12",""
"rag-document",,"ARCHITECTURE.md","rag","E:\FREEOS\docs\ARCHITECTURE.md","2026-10-03 01:31:37",""
"rag-document",,"BACKUP_AND_EXPORT.md","rag","E:\FREEOS\docs\BACKUP_AND_EXPORT.md","2026-10-03 01:31:38",""
"rag-document",,"COMMAND_CENTER.md","rag","E:\FREEOS\docs\COMMAND_CENTER.md","2026-10-03 01:31:38",""
"rag-document",,"COMPUTER_OPERATOR_FOUNDATION.md","rag","E:\FREEOS\docs\COMPUTER_OPERATOR_FOUNDATION.md","2026-10-03 01:31:40",""
"rag-document",,"LOCAL_SETUP_WINDOWS.md","rag","E:\FREEOS\docs\LOCAL_SETUP_WINDOWS.md","2026-10-03 01:31:41",""
"rag-document",,"PHASES.md","rag","E:\FREEOS\docs\PHASES.md","2026-10-03 01:31:41",""
"rag-document",,"RAG_AND_DOCUMENTS.md","rag","E:\FREEOS\docs\RAG_AND_DOCUMENTS.md","2026-10-03 01:31:41",""
"rag-document",,"ROADMAP.md","rag","E:\FREEOS\docs\ROADMAP.md","2026-10-03 01:31:41",""
"rag-document",,"SEARXNG_SETUP_WINDOWS.md","rag","E:\FREEOS\docs\SEARXNG_SETUP_WINDOWS.md","2026-10-03 01:31:41",""
"rag-document",,"SECURITY_MODEL.md","rag","E:\FREEOS\docs\SECURITY_MODEL.md","2026-10-03 01:31:41",""
"rag-document",,"TOOLS_AND_AUTOMATIONS.md","rag","E:\FREEOS\docs\TOOLS_AND_AUTOMATIONS.md","2026-10-03 01:31:41",""
"rag-document",,"V1_RELEASE_NOTES.md","rag","E:\FREEOS\docs\V1_RELEASE_NOTES.md","2026-10-03 01:31:48",""
"rag-document",,"V1_SMOKE_TEST_CHECKLIST.md","rag","E:\FREEOS\docs\V1_SMOKE_TEST_CHECKLIST.md","2026-10-03 01:31:48",""
"rag-document",,"VOICE_SETUP_WINDOWS.md","rag","E:\FREEOS\docs\VOICE_SETUP_WINDOWS.md","2026-10-03 01:31:48",""
"local-general-file",,"FREEOS Owner Profile — Drew Free.md","local-file","data\documents\FREEOS Owner Profile — Drew Free.md","2026-06-19T13:14:01.6637306-04:00",""
"local-general-file",,"freeos-intro.md","local-file","data\documents\freeos-intro.md","2026-06-19T12:18:23.0192309-04:00",""
"local-general-file",,"test.md","local-file","data\documents\test.md","2026-06-19T12:20:02.5489503-04:00",""
"local-general-file",,"README.md","local-file","data\documents\skill-training\README.md","2026-06-19T13:38:49.0928416-04:00",""
"local-general-file",,"drew-fit-correction-music-vs-tech.md","local-file","data\documents\skill-training\writing\drew-fit-correction-music-vs-tech.md","2026-06-19T13:50:40.7698372-04:00",""
"local-general-file",,"legendary-style-influence-framework.md","local-file","data\documents\skill-training\writing\legendary-style-influence-framework.md","2026-06-19T13:44:00.1397020-04:00",""
"local-general-file",,"writing-standards.md","local-file","data\documents\skill-training\writing\writing-standards.md","2026-06-19T13:43:19.0344080-04:00",""
